customer_id,avg_utilization,max_utilization,min_utilization,std_utilization,current_utilization,utilization_trend,avg_payment_to_balance,min_payment_to_balance,payment_volatility,avg_monthly_payment,late_payment_count,total_payment_count,late_payment_ratio,spend_mean_3m,spend_std_3m,spend_mean_6m,spend_std_6m,spend_mean_12m,spend_std_12m,spend_trend,delinquency_severity,delinquency_amount,is_delinquent,late_count,avg_transaction_amount,max_transaction_amount,total_transaction_count,avg_merchant_risk,high_risk_txn_ratio,international_txn_ratio,n_categories,income_to_debt_ratio,debt_burden,latest_balance,credit_score,age,annual_income,employment_years,dependents,is_default,default_probability,composite_risk_score,risk_segment
CUST_00000,0.4642625,0.6314,0.2861,0.11846710353328142,0.6314,0.016661086956521742,0.05971126607284508,0.01955167915385354,471.52961353185435,848.67125,3,23,0.13043478260869565,1052.6133333333335,179.67014925505683,1209.5416666666667,434.3110621394146,1565.9283333333333,613.9301619718545,14.03783913043476,1.0,200.0,1.0,3.0,162.46464912280703,1128.98,456.0,0.42543859649122806,0.08552631578947369,0.041666666666666664,9.0,0.15363875366767002,6.508774486436287,19763.91,708,48,36438.03,9.7,3,0,0.0627,0.3716,medium
CUST_00001,0.3197625,0.4777,0.1573,0.10669849765659269,0.4777,0.015007260869565218,0.1158351845213544,0.03257482004306729,450.74507737531616,933.3770833333333,3,24,0.125,1287.97,167.11411699793607,1341.5083333333334,218.4856554025152,1266.4341666666667,287.04133245162797,-4.352547826087,1.0,781.52,1.0,3.0,175.84235294117644,1028.96,408.0,0.5343137254901961,0.11764705882352941,0.0392156862745098,9.0,0.20894272502588848,4.78600056487297,14234.14,681,40,35689.44,3.8,3,0,0.1081,0.3339,medium
CUST_00002,0.2802625,0.3359,0.2434,0.028421942113062232,0.3359,0.0038969130434782576,0.06646755601667277,0.025376014538279187,175.92468763320448,364.19666666666666,0,24,0.0,412.96,92.5735172714096,445.81,214.75844989196582,446.0783333333334,157.98689248469225,-6.510769565217412,0.0,0.0,0.0,0.0,161.43800000000002,932.37,120.0,0.475,0.10833333333333334,0.058333333333333334,9.0,0.18604983456448712,5.374904,6718.63,611,51,15000.0,5.0,3,1,0.1157,0.2457,medium
CUST_00003,0.36342500000000005,0.5237,0.2415,0.08597317200352574,0.5237,0.012010347826086955,0.0822730415899061,0.019017307826560147,481.44740718686666,881.3249999999999,0,24,0.0,1771.8099999999997,623.2156768727815,1395.4633333333331,573.7828579059037,1272.3708333333334,444.00883906964026,5.298156521739136,0.0,0.0,0.0,0.0,168.4433888888889,1162.57,360.0,0.5138888888888888,0.11388888888888889,0.05,9.0,0.19286531065622592,5.184965593851436,16811.08,708,63,38907.29,7.5,1,0,0.0085,0.2671,medium
CUST_00004,0.5699375,0.714,0.4247,0.08697659761458076,0.714,0.012178391304347828,0.05676366571973532,0.015786349414427227,427.79050493812673,1345.1225,0,23,0.0,1562.97,953.5650235301204,1659.38,824.7897278700797,1821.371666666667,701.9552875534471,-17.1873130434783,0.0,0.0,0.0,0.0,138.3850925925926,962.06,216.0,0.5601851851851852,0.09259259259259259,0.06481481481481481,9.0,0.22121664009178335,4.52045560218751,30843.66,673,38,81877.57,10.2,2,0,0.0047,0.326,medium
CUST_00005,0.26575,0.3072,0.2291,0.022228888372135686,0.3061,0.0030717391304347762,0.053557362541310945,0.017443970717542893,173.46215384534653,406.3541666666667,2,21,0.09523809523809523,523.7966666666666,82.98524828747179,481.93333333333334,111.01287883244312,461.3475,143.05993029782385,-3.6426913043478333,1.0,228.74,1.0,2.0,154.2854326923077,1078.65,624.0,0.4967948717948718,0.10416666666666667,0.04807692307692308,9.0,0.18861543019753013,5.30179317223801,8876.62,759,38,20091.21,2.7,0,0,0.0196,0.3195,medium
CUST_00006,0.5279958333333333,0.6778,0.3791,0.08715288156161415,0.6778,0.012259869565217388,0.046970486984387196,0.016703026171268415,668.3739515257007,1253.5645833333333,0,23,0.0,2379.0499999999997,901.1352744732612,1915.8183333333334,802.8932079776653,2005.8391666666669,648.0494688673408,1.1875260869564819,0.0,0.0,0.0,0.0,169.44202083333332,1124.66,480.0,0.45,0.07291666666666667,0.052083333333333336,9.0,0.24523392581296655,4.077739230756651,34702.74,712,64,102123.47,15.4,1,0,0.0012,0.3087,medium
CUST_00007,0.6002083333333333,0.7458,0.4389,0.09385246477811617,0.7458,0.013136521739130434,0.05330513751162533,0.0232514750418424,602.1010784200619,1165.3254166666668,1,21,0.047619047619047616,1568.6533333333334,241.49121274558723,1677.4316666666666,358.0512502096132,1541.5675,382.2588199142996,-21.20717826086963,0.0,0.0,0.0,0.0,154.3743888888889,1405.93,360.0,0.5833333333333334,0.14166666666666666,0.058333333333333334,9.0,0.20443177621395972,4.891607452225983,28114.95,641,52,68971.07,21.3,1,0,0.0131,0.3477,medium
CUST_00008,0.27532083333333335,0.4211,0.1573,0.08598331981397253,0.4211,0.012041260869565217,0.11676769428579374,0.02785276876159953,348.7498291909093,898.1629166666667,1,19,0.05263157894736842,1244.13,322.0088404065945,1276.32,246.57180374081702,1249.9016666666666,354.4759319649563,7.864873913043447,0.0,0.0,0.0,0.0,169.33718333333334,1138.43,600.0,0.49333333333333335,0.09833333333333333,0.058333333333333334,9.0,0.18537939995938393,5.39434263040606,13180.33,751,35,29320.34,5.2,5,0,0.0048,0.2515,medium
CUST_00009,0.3117375,0.4555,0.1845,0.08311275637192603,0.4555,0.01164995652173913,0.11473718063644384,0.03671945576773391,466.2249979650771,1104.1466666666668,1,22,0.045454545454545456,1858.1066666666666,344.7335037871039,1612.8183333333334,348.5387255050244,1533.3866666666665,345.01013314060344,10.372347826086939,0.0,0.0,0.0,0.0,183.08395833333333,956.85,144.0,0.4791666666666667,0.08333333333333333,0.06944444444444445,9.0,0.24244870235570734,4.124583840967955,15259.96,703,49,44397.09,19.7,2,0,0.0079,0.258,medium
CUST_00010,0.48402083333333334,0.7326,0.2341,0.17470703920306543,0.7171,0.024221086956521736,0.14571348799588327,0.03233648962161327,1267.39865574365,3780.768178602037,1,22,0.045454545454545456,4550.143333333333,658.5063348467758,4955.487940874421,880.4215634918423,5052.997940874421,974.3183123722146,-13.902080813686764,0.0,0.0,0.0,0.0,170.48442708333332,784.14,192.0,0.4375,0.07291666666666667,0.046875,9.0,0.28171358350641806,3.549704588444944,44390.6,638,35,150065.22,10.6,1,0,0.0012,0.2933,medium
CUST_00011,0.3274333333333333,0.494,0.1541,0.09275859583590772,0.494,0.012529043478260869,0.1122507456884616,0.031191133261581856,752.795204126459,1602.5458333333333,1,21,0.047619047619047616,2856.9233333333336,1380.4534496437514,2472.3700000000003,990.0155842409755,2394.4758333333334,809.7548101904152,17.17517826086949,0.0,0.0,0.0,0.0,169.7444375,1143.88,480.0,0.50625,0.1,0.05416666666666667,9.0,0.2921443862571962,3.422964968834371,23367.09,755,35,81918.77,4.6,3,0,0.0009,0.2649,medium
CUST_00012,0.4245083333333333,0.5431,0.313,0.06811541941674319,0.5431,0.009443130434782598,0.04013591061622296,0.013565001336355806,221.91030906391117,611.0241666666667,0,21,0.0,782.4166666666666,82.75319228485245,1138.1833333333332,530.0155818338425,942.4375,460.90893642345446,-5.454665217391334,0.0,0.0,0.0,0.0,186.0520634920635,1064.27,504.0,0.5099206349206349,0.10912698412698413,0.0496031746031746,9.0,0.20343600175541057,4.915550794211399,20204.2,749,45,49323.14,16.5,2,0,0.0091,0.2884,medium
CUST_00013,0.5854041666666666,0.685,0.497,0.06115124144046581,0.685,0.008363347826086952,0.05768044224013497,0.016348320914597696,471.4126503808849,923.0,0,21,0.0,1255.1833333333334,463.76270843323886,1196.03,301.59017046316353,1143.9533333333334,353.38436823825634,-6.202600000000019,0.0,0.0,0.0,0.0,162.05958333333334,1015.33,552.0,0.463768115942029,0.07971014492753623,0.059782608695652176,9.0,0.18163614744518472,5.505512058395679,19043.19,607,18,41507.18,0.0,1,0,0.0579,0.3225,medium
CUST_00014,0.2926708333333333,0.4592,0.1589,0.08733017048841844,0.4592,0.012185,0.19032341490870722,0.03485840581717738,753.7054882605394,1568.0141666666666,0,23,0.0,1944.3266666666666,659.6230302478328,1964.4333333333334,457.87976887679434,1967.9883333333335,633.155183632422,6.589034782608679,0.0,0.0,0.0,0.0,180.44654761904764,1142.3,336.0,0.5416666666666666,0.1130952380952381,0.05357142857142857,9.0,0.2970417333729379,3.366530314258883,14510.13,621,18,51721.37,0.0,1,0,0.105,0.2352,medium
CUST_00015,0.45330000000000004,0.5738,0.3104,0.07396987048204447,0.5738,0.010145913043478257,0.07184913832852653,0.016967068740419512,550.3556758719698,915.4491666666667,2,20,0.1,1129.946666666667,369.88290543540023,1082.6883333333335,377.0650428993206,1190.5208333333333,455.0483853685399,-14.863626086956547,1.0,617.19,1.0,2.0,189.18508333333332,940.02,120.0,0.575,0.125,0.05,9.0,0.16752022989342022,5.969428293145373,17043.26,689,34,34261.09,4.0,1,0,0.0514,0.3707,medium
CUST_00016,0.24359166666666665,0.2833,0.2048,0.02243242832552261,0.2833,0.0031104347826086923,0.043359994902351755,0.014394477572313234,111.1218688608612,229.96,2,21,0.09523809523809523,351.6700000000001,131.19522514177106,307.03000000000003,109.95208447319227,307.5,99.02092451047452,-0.1423652173913137,1.0,5630.82,1.0,2.0,158.1350641025641,1085.06,312.0,0.5128205128205128,0.11538461538461539,0.07051282051282051,9.0,0.20054065761292447,4.98652,6233.15,651,27,15000.0,4.2,1,1,0.1854,0.3167,medium
CUST_00017,0.445775,0.7016,0.2341,0.15081078340524703,0.7016,0.021060086956521736,0.1433669411605418,0.05961237825409615,955.3725437402196,4368.313116155602,0,23,0.0,6256.6117634976845,308.3152312350921,6013.197155956596,634.1856086078986,5790.507155956596,939.1218220276126,2.4528227495410033,0.0,0.0,0.0,0.0,176.8314903846154,1191.7,624.0,0.5016025641025641,0.08653846153846154,0.05128205128205128,9.0,0.348342249364305,2.870739916920543,48980.997465769105,654,46,204745.81,20.9,1,0,0.0002,0.2776,medium
CUST_00018,0.30887916666666665,0.4054,0.2144,0.06692202457478712,0.4054,0.009390652173913043,0.06714196713860501,0.016098360553274207,292.10907475614533,613.51625,1,22,0.045454545454545456,820.8833333333333,80.29013658808586,824.4266666666667,224.96472467181758,855.2575,221.84762322266488,-12.243395652173945,0.0,0.0,0.0,0.0,163.36028645833332,1162.26,384.0,0.5052083333333334,0.10677083333333333,0.033854166666666664,9.0,0.3488451926474703,2.8666010628117267,13055.28,616,29,54651.26,6.0,0,0,0.0329,0.2664,medium
CUST_00019,0.4397875,0.5732,0.3177,0.08119338328417182,0.5732,0.011448217391304348,0.03950986564001885,0.020011413421523357,268.9558339315158,667.4183333333333,2,20,0.1,1068.62,339.2677528147935,1225.895,418.00222840315104,1207.385,367.9326946973764,14.446130434782592,1.0,370.04,1.0,2.0,170.60495192307692,1096.17,624.0,0.5128205128205128,0.11057692307692307,0.04807692307692308,9.0,0.240853906568488,4.151894458542422,22412.21,693,22,64776.82,0.9,1,0,0.0192,0.3675,medium
CUST_00020,0.5598791666666667,0.6361,0.5067,0.04473888474214586,0.6336,0.006195086956521732,0.026544402763744535,0.009110592526429241,248.28409629642385,504.58708333333334,1,20,0.05,747.3566666666667,273.3949585002132,837.1550000000001,322.79031185895275,774.5633333333334,255.63193933086808,10.586604347826073,0.0,0.0,0.0,0.0,167.14317307692306,1129.38,312.0,0.5288461538461539,0.10897435897435898,0.05448717948717949,9.0,0.18210106357463451,5.49145611986032,21541.82,697,62,47073.46,25.4,1,0,0.0083,0.3382,medium
CUST_00021,0.3675458333333333,0.5033,0.2591,0.06870644536037337,0.5033,0.009410826086956516,0.09156876729473258,0.034258623566560134,266.49018827378177,712.87875,1,22,0.045454545454545456,1143.6066666666668,182.20198306641336,1071.2783333333332,259.1114132118974,1000.3166666666666,280.81230099103334,0.7455956521738877,0.0,0.0,0.0,0.0,186.7325,1050.7,288.0,0.5138888888888888,0.1111111111111111,0.04861111111111111,9.0,0.22054906101357005,4.534138551324286,11071.69,565,38,29302.21,8.0,1,1,0.1839,0.2781,medium
CUST_00022,0.43211666666666665,0.4918,0.372,0.036295665888902484,0.4918,0.005045130434782605,0.03806308156289305,0.014363110396121745,262.83945130190864,493.9470833333333,0,21,0.0,697.6733333333333,272.129953208634,659.9433333333333,198.5415031338958,613.2941666666667,154.75908552905022,-8.839430434782628,0.0,0.0,0.0,0.0,177.01270833333334,1233.24,240.0,0.4875,0.10833333333333334,0.058333333333333334,9.0,0.2399101266748542,4.168227551958578,14949.56,649,42,43038.61,12.3,2,0,0.0242,0.2889,medium
CUST_00023,0.28529166666666667,0.3199,0.2385,0.023274429272723638,0.3199,0.003218782608695652,0.03729421165803252,0.013688183187000137,85.64564782359457,225.85541666666666,1,23,0.043478260869565216,242.01,66.83549655684463,257.22833333333335,54.17871479341949,285.575,77.31342403725014,-3.990373913043484,0.0,0.0,0.0,0.0,175.8202777777778,1279.06,360.0,0.48055555555555557,0.1,0.04722222222222222,9.0,0.19387441812000356,5.157978085489464,6877.85,634,22,16001.27,2.5,2,0,0.0721,0.2626,medium
CUST_00024,0.6977166666666667,0.8532,0.5066,0.11377042355270693,0.8371,0.015806000000000004,0.08077375265908925,0.030606359150764196,1246.0901880292809,3946.150014919213,2,22,0.09090909090909091,5880.665096831018,959.4739588379178,5647.005489289931,980.4007849782926,5453.628381748843,909.1233632548488,14.701963156384268,1.0,1532.25,1.0,2.0,181.7888888888889,1143.61,144.0,0.4027777777777778,0.05555555555555555,0.06944444444444445,9.0,0.3614523805668372,2.766616167894037,48980.997465769105,702,34,212451.57763848553,7.4,0,0,0.0001,0.4152,high
CUST_00025,0.35559583333333333,0.4226,0.2791,0.04400057785358365,0.4202,0.006163347826086948,0.04405278952026719,0.012357884820388229,185.9123349856562,422.2129166666667,1,20,0.05,579.0666666666666,63.233801351281386,662.1633333333333,122.57629227002546,569.1775,148.42799932657894,-0.7875608695652178,0.0,0.0,0.0,0.0,195.6147222222222,1079.31,144.0,0.5,0.09027777777777778,0.034722222222222224,9.0,0.14951247332933817,6.688405172705911,11513.9,725,43,20657.66,16.7,1,0,0.0342,0.2823,medium
CUST_00026,0.3466375,0.4534,0.2589,0.06771134265330321,0.4534,0.009443869565217389,0.05073264224961766,0.018817232577383207,240.25792910915308,490.2495833333333,1,23,0.043478260869565216,739.9266666666666,162.70406458762236,793.5216666666666,192.19777620114797,789.56,234.44823305330792,5.19166956521737,0.0,0.0,0.0,0.0,158.2036875,1135.8,480.0,0.5020833333333333,0.09791666666666667,0.0625,9.0,0.1508569007335122,6.628798517917944,13149.52,737,25,23804.35,4.2,2,0,0.0075,0.2776,medium
CUST_00027,0.3182,0.4219,0.1988,0.07688719574522936,0.4187,0.010725043478260865,0.09979217072571826,0.022762487206674807,370.8909129182408,834.1037499999999,1,20,0.05,869.6666666666666,77.57679055834237,1031.7316666666666,222.02463029282748,1001.0124999999999,167.20319109204704,-7.5473043478261195,0.0,0.0,0.0,0.0,174.80465277777776,1106.26,576.0,0.5329861111111112,0.1111111111111111,0.041666666666666664,9.0,0.2533100864948921,3.947730679963131,11849.64,650,47,36019.6,15.4,1,0,0.0945,0.2671,medium
CUST_00028,0.3790833333333334,0.5169,0.1789,0.11213129597142753,0.5169,0.015619478260869563,0.09472700155991876,0.018536290863252695,762.5470149606267,1769.3541666666667,0,21,0.0,2640.4733333333334,381.5471520445847,2204.1666666666665,714.1379687614055,2288.7999999999997,608.4822070006353,-43.90947391304352,0.0,0.0,0.0,0.0,164.88238782051283,1234.53,624.0,0.530448717948718,0.11057692307692307,0.04807692307692308,9.0,0.3397834151765241,2.9430512359777197,29619.65,722,33,120771.19,3.1,3,0,0.0006,0.2703,medium
CUST_00029,0.5543958333333333,0.7844,0.2942,0.16182255305592058,0.778,0.022774391304347823,0.08133825438640375,0.02448830409356725,583.0902331835597,1193.0841666666668,0,22,0.0,1801.36,285.5450894342266,1827.8916666666667,337.66017446045714,1904.0233333333335,632.7902614515165,7.584204347826067,0.0,0.0,0.0,0.0,160.38848484848484,859.33,264.0,0.5454545454545454,0.12121212121212122,0.041666666666666664,9.0,0.1907919769464814,5.241310541483134,21629.67,559,37,49521.21,13.0,1,0,0.1162,0.3173,medium
CUST_00030,0.5087916666666666,0.5446,0.482,0.020268586031347752,0.5446,0.0028329565217391126,0.016039837051845505,0.006897057744515372,108.72325237947496,246.78416666666666,0,22,0.0,281.09666666666664,51.303903685132354,315.71666666666664,73.59904012055222,305.8458333333333,62.32653651365427,-4.073008695652184,0.0,0.0,0.0,0.0,171.30987654320987,1146.51,648.0,0.4845679012345679,0.09567901234567901,0.046296296296296294,9.0,0.10353014607674023,9.659022399705343,16608.85,786,33,20634.2,11.3,3,0,0.0031,0.3111,medium
CUST_00031,0.7984375,1.0814,0.4823,0.17943569712343724,1.0814,0.024952478260869566,0.08903080417247668,0.03325285714432417,1330.6565711184055,3373.2115119353707,2,23,0.08695652173913043,4899.696666666667,1245.838577438238,4978.951666666667,977.116071742077,4605.147303770544,1152.8266173397312,5.4460823560929175,1.0,314.54,1.0,2.0,172.90614583333334,1322.18,288.0,0.4756944444444444,0.08333333333333333,0.041666666666666664,9.0,0.20067722876004507,4.983126417376064,48980.997465769105,624,67,117952.45,9.6,1,0,0.0155,0.4437,high
CUST_00032,0.40077083333333335,0.5644,0.2238,0.10005230144960348,0.5644,0.013995608695652174,0.11355489515989693,0.04149374979328723,775.6768902565549,1587.0720833333332,0,19,0.0,1729.1200000000001,585.4995567035039,1952.4833333333333,509.6503516595148,1932.72,538.1084282592456,-41.52940434782617,0.0,0.0,0.0,0.0,171.1751893939394,1150.85,264.0,0.45454545454545453,0.08333333333333333,0.03787878787878788,9.0,0.3168844362559317,3.155724565760466,21504.38,572,41,81772.84,10.2,0,0,0.0352,0.2673,medium
CUST_00033,0.36191666666666666,0.5784,0.2118,0.1092626260405422,0.5784,0.015052782608695652,0.17352977390715782,0.03999983967082129,837.199187160743,2116.855,2,20,0.1,2816.48,700.4739696091493,2531.731666666667,856.3042138730058,2731.3033333333333,893.2392546877636,-13.501078260869631,1.0,805.14,1.0,2.0,175.81831018518517,1298.47,432.0,0.5694444444444444,0.12037037037037036,0.04861111111111111,9.0,0.27384682134353105,3.651676492331951,21745.98,624,27,71460.81,2.5,1,0,0.0615,0.3322,medium
CUST_00034,0.3741375,0.4877,0.2255,0.08063888808595475,0.4877,0.011258478260869566,0.06637725399795498,0.02242010859273816,513.8607849194951,1142.3054166666666,1,22,0.045454545454545456,1462.7099999999998,287.77764037534024,1428.17,312.91043025121365,1624.7841666666666,328.21336562055126,-27.401886956521807,0.0,0.0,0.0,0.0,169.36376543209877,1268.26,648.0,0.5154320987654321,0.11265432098765432,0.046296296296296294,9.0,0.28209843224467057,3.5448619548962137,23899.35,795,53,80903.63,22.0,0,0,0.0004,0.2836,medium
CUST_00035,0.6606708333333333,0.8702,0.41,0.1475140390641329,0.8702,0.02071004347826086,0.09242417528292805,0.026698925453976882,1031.1722060425902,4457.441866155603,1,22,0.045454545454545456,6092.831763497685,591.9905124987233,6217.008430164351,411.2912466037107,5954.176126393807,687.8338503863309,-9.403951641917383,0.0,0.0,0.0,0.0,152.98835648148147,907.01,432.0,0.46296296296296297,0.0787037037037037,0.04398148148148148,9.0,0.3614523805668372,2.766616167894037,48980.997465769105,730,24,212451.57763848553,3.6,0,0,0.0,0.3474,medium
CUST_00036,0.4198625,0.5771,0.2551,0.09689228359144611,0.5771,0.013425173913043474,0.11022490833374153,0.034877601090753226,1251.7057531314242,4046.5645208868987,2,23,0.08695652173913043,5798.781763497685,1101.3000524643517,5718.590881748842,729.2633077853149,5446.757107541088,767.5117788698527,-33.18584882310241,1.0,2746.5,1.0,2.0,165.36529513888888,1289.34,576.0,0.4704861111111111,0.08680555555555555,0.03125,9.0,0.3614523805668372,2.766616167894037,48980.997465769105,823,44,212451.57763848553,5.2,1,0,0.0,0.3455,medium
CUST_00037,0.4958,0.5311,0.4302,0.02991630353822648,0.5251,0.004027913043478254,0.03279880924972931,0.01163249515446586,184.13213461879857,476.49583333333334,2,23,0.08695652173913043,657.81,144.01715626966106,579.9799999999999,136.23446538963623,602.5591666666667,142.6520594414213,-2.8796695652174016,1.0,1914.69,1.0,2.0,162.0509722222222,1260.31,360.0,0.5111111111111111,0.09444444444444444,0.07222222222222222,9.0,0.16419384704453338,6.090362202968395,15384.26,704,18,30312.01,0.0,1,0,0.043,0.3791,medium
CUST_00038,0.49545,0.811,0.1893,0.175770507493003,0.811,0.024522434782608703,0.11081374366718473,0.045904465186358004,1274.9057511741946,3237.271264919213,0,22,0.0,4475.282548415509,1814.1375351059694,4785.447548415509,1477.4395947800972,5388.328381748842,1204.0608055187342,5.492171333435879,0.0,0.0,0.0,0.0,157.00733333333335,1105.36,120.0,0.575,0.13333333333333333,0.041666666666666664,9.0,0.2599217007690385,3.847312467721121,48980.997465769105,788,23,152774.69,1.1,0,0,0.0001,0.3004,medium
CUST_00039,0.3774166666666667,0.4576,0.3087,0.04612214093098854,0.4576,0.006429565217391299,0.04479903602480519,0.011327262657281562,285.80802750234744,608.1125000000001,2,24,0.08333333333333333,970.0766666666667,420.22239699156125,841.4416666666666,307.9017802102916,842.0441666666667,295.8395761360088,2.712704347826072,1.0,281.06,1.0,2.0,181.10772435897437,1239.41,312.0,0.5544871794871795,0.13141025641025642,0.0673076923076923,9.0,0.31720477677006464,3.15253764518458,16840.11,651,44,64101.16,17.1,0,0,0.045,0.3501,medium
CUST_00040,0.39566666666666667,0.5405,0.3257,0.0612881552260671,0.5405,0.007544608695652167,0.10017177274344276,0.03797441201003586,776.575216405083,1319.2029166666666,1,22,0.045454545454545456,1910.6133333333335,756.3420972901965,1669.805,588.5846163042319,1644.2174999999997,501.26889924244,2.560160869565153,0.0,0.0,0.0,0.0,132.48440476190476,549.06,168.0,0.4880952380952381,0.09523809523809523,0.02976190476190476,9.0,0.309772925843581,3.22817107814305,18701.82,575,52,69519.81,14.3,1,0,0.0476,0.2819,medium
CUST_00041,0.47246666666666665,0.5162,0.4286,0.02938061571359839,0.5162,0.003949478260869558,0.029146669483000234,0.008769825802776361,181.2445739592607,342.57625,2,23,0.08695652173913043,413.09666666666664,83.45645111873215,418.1933333333334,56.983529082241674,448.6558333333333,132.4387915198656,1.1287043478260852,1.0,1210.32,1.0,2.0,166.55392857142857,1230.67,672.0,0.49255952380952384,0.09970238095238096,0.046130952380952384,9.0,0.09686468391116346,10.32368,12904.6,709,44,15000.0,8.6,1,0,0.0611,0.3724,medium
CUST_00042,0.46852083333333333,0.5549,0.3276,0.07303244055341714,0.5519,0.010122652173913045,0.05624837695168716,0.019721855719511388,301.85295890429063,829.0991666666667,2,21,0.09523809523809523,970.8166666666666,40.65607744647004,1017.0933333333334,124.32844673149673,1066.3549999999998,232.18261787966478,-12.430530434782657,1.0,1587.68,1.0,2.0,168.51197916666666,1271.4,576.0,0.4947916666666667,0.0954861111111111,0.050347222222222224,9.0,0.20338694495646487,4.9167364218684275,17826.98,685,40,43509.3,4.6,1,0,0.0423,0.3696,medium
CUST_00043,0.29344583333333335,0.376,0.2397,0.042055046527209976,0.376,0.005804478260869558,0.10138538983458052,0.03680313958421723,272.91716657018054,849.745,1,21,0.047619047619047616,1195.49,388.84526909813377,1057.8433333333335,375.3367867218274,1026.4258333333335,282.4845245788079,5.916721739130431,0.0,0.0,0.0,0.0,171.55819444444444,1034.71,288.0,0.4791666666666667,0.11458333333333333,0.04513888888888889,9.0,0.20991082823361115,4.763927656400333,11016.94,720,37,27750.9,4.1,2,0,0.0093,0.256,medium
CUST_00044,0.4315791666666667,0.5932,0.3024,0.08955476332422511,0.5932,0.012520913043478257,0.09842676229333036,0.02902385743946845,876.109250443609,1948.1579166666668,1,23,0.043478260869565216,2209.633333333333,148.41944425625292,2535.44,952.524112366716,2545.8883333333333,738.4754241350994,0.5371913043478266,0.0,0.0,0.0,0.0,178.84569444444443,1112.91,288.0,0.5277777777777778,0.125,0.03125,9.0,0.2529782199958701,3.952909463970159,28830.42,746,21,87521.62,1.7,0,0,0.0009,0.2936,medium
CUST_00045,0.4310125,0.6425,0.2562,0.12006891974666233,0.6425,0.01664369565217391,0.1463762925572257,0.04075858107191127,1294.7155130976905,2998.442592284861,0,22,0.0,3147.980000000001,1150.2943992300372,3917.9296075410875,1722.1857481488796,3844.2081371038767,1307.0774380554649,-8.820413056873607,0.0,0.0,0.0,0.0,183.5755357142857,1077.4,336.0,0.5476190476190477,0.12202380952380952,0.0625,9.0,0.26027586920388585,3.8420772661665947,33218.52,712,31,103751.75,6.3,1,0,0.0011,0.2769,medium
CUST_00046,0.15796666666666667,0.1811,0.1339,0.01416544069716601,0.1811,0.0019426086956521706,0.08726524954731202,0.025581079811716576,154.77146146514858,312.55833333333334,1,23,0.043478260869565216,354.27000000000004,105.37673320045566,289.50000000000006,100.96533840878269,329.5108333333333,98.21476851160357,-3.5171434782608753,0.0,0.0,0.0,0.0,163.10386111111112,1271.39,360.0,0.4583333333333333,0.08055555555555556,0.06388888888888888,9.0,0.2988771782168749,3.345856,4182.32,672,35,15000.0,3.2,2,0,0.0353,0.2216,medium
CUST_00047,0.5108,0.6372,0.3576,0.08754508900387077,0.6372,0.012176782608695652,0.07609754660393225,0.025463297076123922,532.6835671513094,1262.4950000000001,2,22,0.09090909090909091,1565.8266666666666,321.73598125377987,1920.0933333333332,715.6323997323395,1641.7758333333334,629.0833215872459,-11.114308695652213,1.0,2265.86,1.0,2.0,176.80634259259259,1208.76,648.0,0.4351851851851852,0.07407407407407407,0.041666666666666664,9.0,0.18957893559440148,5.274847634652145,21218.29,676,56,48270.49,6.8,2,0,0.0439,0.3717,medium
CUST_00048,0.5278791666666667,0.6133,0.4508,0.048336105680110854,0.6133,0.006759260869565211,0.038202761345341,0.012834301557860377,555.2963319143212,1062.92875,3,24,0.125,1393.47,500.70972738703597,1364.5766666666668,329.32931073116913,1529.0991666666666,493.36569830388385,5.711043478260834,1.0,903.94,1.0,3.0,179.6854967948718,1239.98,624.0,0.5112179487179487,0.10096153846153846,0.057692307692307696,9.0,0.2745716109422741,3.642037123095876,32628.44,718,46,107506.12,4.2,0,0,0.0062,0.3958,medium
CUST_00049,0.2887541666666667,0.4175,0.1584,0.09498015343797588,0.4175,0.012973521739130436,0.19525389740215435,0.0638287498694032,480.6624127224498,1279.3104166666667,0,22,0.0,1551.5,698.8827062533452,1577.6833333333334,568.4692386986886,1517.415,477.3612447326735,1.6593130434782495,0.0,0.0,0.0,0.0,172.07568627450982,1393.76,408.0,0.47058823529411764,0.07352941176470588,0.056372549019607844,9.0,0.330195028699475,3.0285131909425083,10856.18,562,18,43015.88,0.0,2,0,0.1322,0.2282,medium
CUST_00050,0.44274583333333334,0.5887,0.3246,0.0772996539683276,0.5887,0.010787173913043466,0.09449713182306141,0.031205391829138285,827.6431030827448,1633.3725000000002,0,22,0.0,1854.256666666667,256.74190042401233,1826.5383333333336,381.9438782552566,2331.36,729.5408086909564,1.168495652173873,0.0,0.0,0.0,0.0,165.21569444444444,1114.18,432.0,0.4236111111111111,0.09027777777777778,0.046296296296296294,9.0,0.28470214958350015,3.512442745735963,23902.77,623,46,81662.04,16.8,0,0,0.0128,0.2783,medium
CUST_00051,0.5547541666666667,0.6161,0.4792,0.041808361751195525,0.6161,0.005776130434782606,0.05293867797133544,0.01559721824547104,830.3787434641504,1372.2183333333332,2,22,0.09090909090909091,1498.9466666666667,366.78399996910144,2244.41,942.4810369020696,1892.4991666666667,755.3412922460745,38.78533478260867,1.0,2787.34,1.0,2.0,168.94958333333332,796.22,168.0,0.5059523809523809,0.07142857142857142,0.05952380952380952,9.0,0.1835096668721891,5.4493042085705525,28464.05,847,36,62681.14,2.5,0,0,0.0009,0.3914,medium
CUST_00052,0.17124583333333332,0.2311,0.105,0.04567068300597094,0.2311,0.006203347826086957,0.1648509645120608,0.06077491469080327,432.980862069954,964.5633333333334,1,23,0.043478260869565216,1282.753333333333,112.13550300120448,1464.4733333333334,334.03519423358097,1265.6341666666665,322.4740821850039,24.06986521739128,0.0,0.0,0.0,0.0,164.94752976190478,1159.46,672.0,0.4851190476190476,0.08779761904761904,0.043154761904761904,9.0,0.6289280313268795,1.5900070440337226,8250.21,641,32,62265.46,6.9,1,0,0.016,0.2153,medium
CUST_00053,0.5270541666666667,0.5981,0.4307,0.0580153726192026,0.5942,0.007943173913043472,0.0451858434961891,0.016614985792897385,450.59200160712896,803.2908333333334,0,23,0.0,1025.9766666666667,101.5829052219575,1114.4166666666667,353.0502289287836,1032.4525,281.25690695761347,6.937469565217377,0.0,0.0,0.0,0.0,172.80277777777778,849.51,144.0,0.5555555555555556,0.10416666666666667,0.0625,9.0,0.16773143852266464,5.961911546265523,20142.03,734,50,40541.42,5.1,1,0,0.0048,0.3167,medium
CUST_00054,0.33855833333333335,0.4039,0.2937,0.03380442364500558,0.4039,0.004706086956521733,0.05068100928328728,0.010768311913957376,218.20383376459085,392.34,2,22,0.09090909090909091,513.57,108.92682360190256,445.34999999999997,103.35869058768145,446.435,132.89573777281873,-6.557591304347853,1.0,890.25,1.0,2.0,155.38189814814814,1228.74,216.0,0.5185185185185185,0.09722222222222222,0.05555555555555555,9.0,0.18211349116637798,5.491081377855773,9572.14,648,56,20918.59,27.8,2,0,0.1662,0.3387,medium
CUST_00055,0.6422,0.7721,0.4947,0.08955963764806199,0.7721,0.01259026086956521,0.03417271913510475,0.013483988356893939,307.64885430247125,551.8083333333333,0,21,0.0,984.4133333333334,276.895628411381,917.8850000000001,193.4185791231025,949.0575,311.19979028752584,15.174078260869544,0.0,0.0,0.0,0.0,173.0014666666667,1174.58,600.0,0.5183333333333333,0.085,0.056666666666666664,9.0,0.09691184351902567,10.318656251789088,19225.17,663,55,22357.76,27.2,3,0,0.0339,0.3443,medium
CUST_00056,0.5058083333333333,0.6449,0.3425,0.07476632534635567,0.6449,0.00973695652173912,0.10446711248377454,0.04575476234802079,675.5097049861199,1807.805,1,22,0.045454545454545456,2330.0833333333335,502.84763908497473,2317.52,340.4616093482494,2209.639166666667,505.33331485193276,-8.994982608695674,0.0,0.0,0.0,0.0,159.3076111111111,1027.51,360.0,0.49166666666666664,0.10833333333333334,0.041666666666666664,9.0,0.30166806371122457,3.314901775473529,22249.35,506,30,80543.02,7.1,0,0,0.1314,0.309,medium
CUST_00057,0.49675,0.56,0.4404,0.03442260379712601,0.56,0.00483739130434782,0.03178458791086641,0.011260840693053008,345.2758960953639,571.63625,0,22,0.0,799.6333333333332,225.44225476457032,770.4050000000001,199.43191276724,767.4891666666666,281.7266970425685,0.778904347826062,0.0,0.0,0.0,0.0,158.9687291666667,1392.35,480.0,0.5,0.10416666666666667,0.035416666666666666,9.0,0.20315828867315947,4.9222702481452645,20383.56,729,37,49693.07,14.2,1,0,0.0133,0.3069,medium
CUST_00058,0.24073333333333333,0.4129,0.1246,0.092233011475269,0.4129,0.012698434782608693,0.1963633528547308,0.035684500229348236,475.11067165462475,1171.71625,0,22,0.0,1512.4466666666667,402.4489638865199,1526.2883333333332,327.23320665340003,1557.0566666666666,350.6710624278007,-5.219973913043474,0.0,0.0,0.0,0.0,186.53965277777777,999.16,144.0,0.4166666666666667,0.10416666666666667,0.04861111111111111,9.0,0.2973171736385322,3.3634114967599045,12470.12,637,46,44490.97,18.7,0,0,0.0294,0.212,medium
CUST_00059,0.375375,0.5056,0.2846,0.07581299791047649,0.5037,0.01032591304347826,0.0656319388604032,0.019717791099370045,218.6661382488534,513.8441666666666,1,20,0.05,671.4166666666667,57.65237404768146,660.4433333333333,99.43200544425623,789.9941666666667,324.1220767622856,4.216778260869547,0.0,0.0,0.0,0.0,170.2272701149425,1171.84,696.0,0.5086206896551724,0.10919540229885058,0.04885057471264368,9.0,0.2765272535847516,3.6162800846445835,10979.84,517,55,36434.7,25.2,0,0,0.3596,0.2846,medium
CUST_00060,0.26767083333333336,0.4126,0.1462,0.07945046298694917,0.4113,0.011025956521739133,0.14076414023184544,0.04507054598701222,480.0369983112186,899.9620833333333,0,21,0.0,1864.0933333333332,396.73643156802945,1489.3733333333332,525.3116112048796,1271.6566666666668,459.42241068805515,19.20650869565215,0.0,0.0,0.0,0.0,177.02939583333333,1145.75,480.0,0.48125,0.08541666666666667,0.0375,9.0,0.3183507209794204,3.141189682006859,10363.68,567,35,39591.42,8.5,2,0,0.1325,0.2319,medium
CUST_00061,0.30896666666666667,0.5499,0.1437,0.10819667545590363,0.5499,0.01473321739130435,0.15698585214180275,0.041332927621401096,1038.966334201078,2054.281836317176,1,24,0.041666666666666664,3541.093333333333,820.5894184873052,3236.3716666666664,707.9133566593213,3032.0800000000004,690.1405328429331,24.500317391304336,0.0,0.0,0.0,0.0,189.64761904761903,1143.4,168.0,0.48214285714285715,0.08333333333333333,0.05952380952380952,9.0,0.3091654422639569,3.2345141574595115,27496.4,688,39,102011.24,6.6,0,0,0.0019,0.2503,medium
CUST_00062,0.27350416666666666,0.3729,0.1475,0.07736420068159075,0.3672,0.010642130434782607,0.11311414100034521,0.03288498377020989,348.8559738794981,789.27375,1,22,0.045454545454545456,753.2833333333333,168.76809246221157,859.3716666666668,163.93015237187547,1015.8791666666666,272.25366405275696,-10.430313043478298,0.0,0.0,0.0,0.0,167.65419270833334,1057.99,384.0,0.5390625,0.13541666666666666,0.046875,9.0,0.3153513027554459,3.1710666525309947,10244.44,625,26,38767.17,2.0,1,0,0.0441,0.2532,medium
CUST_00063,0.26716666666666666,0.2923,0.2354,0.02016157918820641,0.2914,0.0027816521739130393,0.03645242389171455,0.011935653748307577,86.73987759512572,208.145,0,20,0.0,260.6166666666667,123.16127408131729,240.285,82.68681630102827,262.60083333333336,67.60265304884436,-0.9059565217391344,0.0,0.0,0.0,0.0,185.739375,1369.39,144.0,0.3888888888888889,0.04861111111111111,0.020833333333333332,9.0,0.2550066501742346,3.9214663590802243,6265.5,614,25,19172.93,2.3,0,0,0.0969,0.2405,medium
CUST_00064,0.2014125,0.2914,0.1478,0.045101396030644586,0.2914,0.005999347826086953,0.1912627298967137,0.05101280215340392,682.9421759296954,1517.16875,0,23,0.0,2086.523333333333,561.5858817076275,1834.8033333333333,458.81390082109203,1683.3824999999997,468.1923767412668,0.604352173913006,0.0,0.0,0.0,0.0,171.2645138888889,1092.74,288.0,0.4548611111111111,0.08680555555555555,0.04861111111111111,9.0,0.5617193823581639,1.7802483435801746,12239.24,645,53,82500.22,18.9,4,0,0.0081,0.2058,medium
CUST_00065,0.5579625,0.7385,0.3212,0.14768475183279098,0.7385,0.02052830434782608,0.1105470612038409,0.024361656703672074,629.79515516161,1152.0929166666667,0,23,0.0,1671.7266666666665,855.412739344776,1778.0133333333333,728.0165171935774,1655.2716666666668,701.146291515587,26.536595652173915,0.0,0.0,0.0,0.0,170.00927083333332,1145.99,288.0,0.5069444444444444,0.1076388888888889,0.0625,9.0,0.24962665978291257,4.005982377321591,14178.31,429,60,42471.41,9.3,1,1,0.95,0.3109,medium
CUST_00066,0.3882625,0.5914,0.2024,0.11636620536049114,0.5914,0.016219869565217388,0.1179763641205235,0.024244565062734848,438.70612561423076,1146.2591666666667,1,23,0.043478260869565216,1332.9833333333336,143.86480053624373,1507.8149999999998,308.14278454962954,1658.1358333333335,601.4610298032366,3.0773695652173605,0.0,0.0,0.0,0.0,172.24908333333332,1345.74,120.0,0.5583333333333333,0.09166666666666666,0.041666666666666664,9.0,0.25677398791918515,3.894475480572165,16262.7,550,40,50110.06,6.2,1,0,0.1356,0.2821,medium
CUST_00067,0.7037749999999999,0.9224,0.4641,0.1421514937449235,0.9176,0.019747478260869557,0.07080143462013498,0.02901145492173956,1348.4669198007118,3082.1519286020375,1,22,0.045454545454545456,6140.859215082176,260.6137852636674,5086.7612742077545,1365.2375413633902,4872.888137103877,1161.491723971048,44.1684897619413,0.0,0.0,0.0,0.0,163.47734375,1068.29,576.0,0.4965277777777778,0.10416666666666667,0.04861111111111111,9.0,0.25697164515272214,3.8914799312028565,48980.997465769105,731,56,151040.73,16.3,0,0,0.0002,0.3639,medium
CUST_00068,0.5855416666666667,0.6535,0.4999,0.0540667776853343,0.6535,0.007087217391304339,0.06824672981794495,0.02385109538764981,620.0095799330005,1416.9099999999999,2,24,0.08333333333333333,1460.0966666666666,667.8409318343209,1564.0649999999998,464.90086348596896,1814.8583333333333,659.1588922508239,-1.6456826086956773,1.0,391.31,1.0,2.0,183.73291666666668,1027.65,168.0,0.42857142857142855,0.05357142857142857,0.047619047619047616,9.0,0.1735786940505303,5.761075721130216,23198.09,721,47,48320.33,7.6,1,0,0.018,0.3891,medium
CUST_00069,0.5208041666666666,0.582,0.4376,0.04581944222960248,0.5774,0.006376304347826074,0.027049744276515245,0.010507787668702223,338.0898344597723,554.9254166666666,0,24,0.0,882.0033333333334,400.6253786685679,810.0666666666666,297.9158198999621,827.055,305.5602730454932,0.47745652173911757,0.0,0.0,0.0,0.0,161.09541666666667,1311.1,552.0,0.48007246376811596,0.09963768115942029,0.03260869565217391,9.0,0.22098217112830276,4.525251946318319,22633.7,724,32,60019.73,7.2,1,0,0.0033,0.3121,medium
CUST_00070,0.21441666666666667,0.2454,0.1848,0.018899934820836937,0.2454,0.0026364347826086944,0.042320988353518246,0.0128602615780164,98.04928879934813,247.42916666666667,3,23,0.13043478260869565,224.0466666666667,46.91561182946841,310.46999999999997,135.99420237642485,297.47499999999997,98.59795337171516,-3.9838565217391366,1.0,1173.3,1.0,3.0,170.61130208333333,1011.85,384.0,0.5286458333333334,0.10416666666666667,0.057291666666666664,9.0,0.262347751054407,3.81173460028104,6822.16,728,47,21477.34,21.6,1,1,0.0658,0.3195,medium
CUST_00071,0.25656249999999997,0.3787,0.1409,0.08672449537371829,0.3752,0.01207352173913043,0.13177240376155439,0.030758971850323058,542.4213459616899,990.33625,0,22,0.0,1126.8100000000002,439.57682957590134,1371.1883333333335,551.8610718438713,1313.805,419.03564206184393,3.879830434782581,0.0,0.0,0.0,0.0,156.91117424242427,1076.96,528.0,0.5,0.10606060606060606,0.05113636363636364,9.0,0.27955388579188967,3.5771278841905896,12530.05,715,63,42033.89,28.1,0,0,0.0221,0.2319,medium
CUST_00072,0.37942916666666665,0.4503,0.3122,0.043480885147250695,0.4476,0.005934130434782606,0.08220679434604244,0.01699457129797381,695.2444638133003,1463.2275,0,22,0.0,1996.2600000000002,446.93547934796993,2165.1883333333335,417.1004031844932,1737.6916666666668,555.749530091542,14.746943478260823,0.0,0.0,0.0,0.0,170.69773148148147,1130.59,432.0,0.4722222222222222,0.0787037037037037,0.037037037037037035,9.0,0.29562757233231984,3.3826344143430687,21171.61,795,41,75106.94,13.0,2,0,0.0005,0.2679,medium
CUST_00073,0.26382916666666667,0.2986,0.217,0.027651896375988482,0.2986,0.0038373478260869506,0.03138861648482755,0.010219257537408183,95.0762780575437,215.17333333333332,4,21,0.19047619047619047,355.27,23.97794611721387,279.3233333333333,92.90749069190633,285.07666666666665,113.9603390605165,-2.2644869565217456,2.0,206.84,1.0,4.0,186.40553571428572,1232.19,168.0,0.5059523809523809,0.08333333333333333,0.047619047619047616,9.0,0.17444146485743436,5.732581991427722,7883.27,728,63,16502.03,22.9,2,0,0.1419,0.3968,medium
CUST_00074,0.6011000000000001,0.7899,0.3804,0.13957468002595538,0.7899,0.019534173913043476,0.05982720291570907,0.01706264523874737,598.3773565196723,1241.8670833333333,0,23,0.0,2330.9266666666667,293.4990402596445,2097.588333333333,493.30607064647666,1967.8075,593.3008683187032,13.529908695652129,0.0,0.0,0.0,0.0,167.45939814814815,1043.76,216.0,0.5277777777777778,0.12962962962962962,0.046296296296296294,9.0,0.16533960010005821,6.048157848421263,28436.78,682,18,56420.71,0.0,1,0,0.0084,0.3309,medium
CUST_00075,0.22832916666666667,0.2979,0.164,0.04709406386636511,0.2966,0.006565434782608695,0.10121584383031164,0.02736537873085574,462.0320027623957,877.3312500000001,2,22,0.09090909090909091,825.87,106.09148740591885,855.6866666666666,170.16795087990764,1081.7191666666668,399.4361770491075,-18.41559130434786,1.0,3208.72,1.0,2.0,165.68915178571427,1068.86,672.0,0.49255952380952384,0.1056547619047619,0.050595238095238096,9.0,0.36135045746224814,2.767396524202475,12131.42,803,53,52604.33,8.1,1,0,0.0031,0.3016,medium
CUST_00076,0.3262125,0.4788,0.1703,0.10166448788945968,0.4717,0.014176739130434782,0.1493306820346995,0.045157046917910955,592.5071417878144,1565.925,1,23,0.043478260869565216,1940.7233333333336,685.5145886364007,1997.0883333333334,583.0315147371253,2029.8799999999999,514.8868720584958,-3.83352173913044,0.0,0.0,0.0,0.0,162.00884803921568,1394.36,408.0,0.49754901960784315,0.09558823529411764,0.029411764705882353,9.0,0.24622466666276288,4.061331521141348,17077.3,722,43,50458.23,18.2,1,0,0.0045,0.2573,medium
CUST_00077,0.8441291666666667,1.1648,0.5389,0.1820937276076746,1.1648,0.02560343478260868,0.06115775052834587,0.018798503753984258,1260.489164954578,2492.494336317176,3,23,0.13043478260869565,3856.8633333333332,1568.639326752118,4211.879607541087,1502.7324019528664,4193.210637103878,1315.3892636562935,1.355351907915117,1.0,562.95,1.0,3.0,162.6965773809524,1075.73,336.0,0.5297619047619048,0.11011904761904762,0.044642857142857144,9.0,0.17237497744372976,5.801306052825684,48980.997465769105,725,37,101317.18,5.2,1,0,0.0065,0.4742,high
CUST_00078,0.3047958333333333,0.4768,0.1358,0.11298914714780534,0.4768,0.015867086956521743,0.10680716948099774,0.02540516893904273,526.7050795754143,982.1862500000001,1,24,0.041666666666666664,1169.1733333333332,150.4241643930036,1148.3700000000001,196.97016494890696,1473.7383333333335,630.6136073386034,-9.132604347826124,0.0,0.0,0.0,0.0,184.57777777777778,1110.0,144.0,0.5486111111111112,0.09722222222222222,0.08333333333333333,9.0,0.3049961550239216,3.2787298578290853,16926.85,639,43,61951.49,4.1,0,0,0.055,0.2617,medium
CUST_00079,0.5811833333333333,0.7979,0.4084,0.13339902113801175,0.7979,0.018587913043478257,0.10462757439128134,0.04222962295173709,1234.1366417438437,3415.6855089515284,2,22,0.09090909090909091,3724.486666666666,865.6903439644817,3951.19,889.345549558775,4243.982303770544,1198.1436283535977,-39.912277237063925,1.0,946.52,1.0,2.0,162.73672839506173,1061.83,648.0,0.5231481481481481,0.11265432098765432,0.044753086419753084,9.0,0.23813376745844503,4.199320451999747,48274.87,682,18,137950.52,0.0,3,0,0.0027,0.3916,medium
CUST_00080,0.5389208333333334,0.609,0.4693,0.04046953743428423,0.609,0.005613347826086948,0.03143335827755908,0.01105147113346055,191.35256191125322,364.7675,1,22,0.045454545454545456,443.7366666666667,153.6007217864984,480.76500000000004,163.36853818896714,467.1675,129.77321891564253,-1.0334173913043634,0.0,0.0,0.0,0.0,178.04346014492754,1053.25,552.0,0.49818840579710144,0.10326086956521739,0.036231884057971016,9.0,0.15418092300894196,6.485886713377655,13216.34,588,38,24452.49,4.5,0,0,0.1369,0.3287,medium
CUST_00081,0.4237041666666667,0.501,0.3636,0.038975538361640485,0.501,0.00517952173913043,0.11585848265377748,0.027705067561938117,726.081637986775,1416.5904166666667,2,24,0.08333333333333333,1376.0733333333335,606.6220693589484,1752.6233333333332,865.7686759329346,1689.2224999999999,659.8674999935421,16.7813608695652,1.0,657.44,1.0,2.0,170.83828703703705,1197.37,216.0,0.49537037037037035,0.10185185185185185,0.05555555555555555,9.0,0.3081875169916138,3.2447777566124185,14578.27,558,46,53914.09,10.1,1,0,0.3461,0.3465,medium
CUST_00082,0.6414666666666666,0.7562,0.4935,0.0727506202971712,0.7562,0.01005999999999999,0.03986713383364681,0.011669284933853132,360.0882083538296,708.9329166666666,2,20,0.1,1077.1466666666668,329.82619443175423,1042.8566666666668,307.2313958349093,1041.5991666666666,330.5013517908907,-1.8635000000000015,1.0,1518.08,1.0,2.0,168.67109375,1085.02,192.0,0.5364583333333334,0.13020833333333334,0.046875,9.0,0.20691076473366662,4.833001324446263,20945.68,542,62,52006.64,5.3,3,0,0.4758,0.4196,high
CUST_00083,0.2912125,0.3333,0.2612,0.019042339838416324,0.3333,0.002412826086956516,0.045744430867635834,0.012918905251717384,173.1294337238991,331.17291666666665,2,23,0.08695652173913043,410.8066666666667,132.29948840919005,386.41166666666663,104.52922336201803,401.92333333333335,141.60240671640713,0.7841652173912903,1.0,1248.58,1.0,2.0,181.69070652173914,1116.22,552.0,0.5144927536231884,0.10144927536231885,0.05253623188405797,9.0,0.2310137968461619,4.328745787706896,8365.68,662,34,23191.05,3.1,2,0,0.1196,0.3263,medium
CUST_00084,0.33834583333333335,0.4656,0.1314,0.08931853101055824,0.4656,0.012293869565217387,0.13624311100565448,0.046497081469031774,1057.5597516965718,2245.5954166666666,3,23,0.13043478260869565,3083.436666666667,286.3685657214044,2839.4150000000004,576.9028691122965,2692.2941666666666,696.0368797890778,-47.71993043478276,1.0,1115.06,1.0,3.0,175.56992647058823,1157.44,408.0,0.47794117647058826,0.09558823529411764,0.049019607843137254,9.0,0.32209418492490005,3.1046819433674697,24770.56,789,30,95741.44,2.7,1,0,0.0071,0.3326,medium
CUST_00085,0.2854083333333333,0.4249,0.1525,0.07234330543028646,0.4249,0.009970086956521736,0.11568813049313699,0.03780273015897274,1186.8698812689936,3003.574505967685,1,22,0.045454545454545456,4586.05,884.615451877249,4621.336274207754,1537.7668584585572,4515.516274207755,1574.36307503629,28.978659845759285,0.0,0.0,0.0,0.0,180.0151724137931,1269.87,696.0,0.47126436781609193,0.08620689655172414,0.04741379310344827,9.0,0.4358831923755323,2.2941926128192085,40617.07,714,34,212451.57763848553,2.2,2,0,0.0,0.2507,medium
CUST_00086,0.464725,0.5465,0.3741,0.05030320458285282,0.5407,0.006938521739130428,0.06318434893990864,0.020094209337646954,454.0130877534802,1080.7658333333334,3,24,0.125,1465.3533333333335,574.9376952621332,1465.4066666666668,424.4656037262227,1318.5908333333334,348.8297533561539,-6.0370782608695945,1.0,252.14,1.0,3.0,179.8788492063492,1418.95,504.0,0.5257936507936508,0.11706349206349206,0.03968253968253968,9.0,0.2017602872518497,4.956376765818826,20007.53,749,54,48440.7,20.1,1,0,0.0196,0.3774,medium
CUST_00087,0.6676375,0.7796,0.5545,0.06722402399569596,0.7759,0.009435956521739114,0.06039635026681405,0.021949790854185542,529.9571989793138,1461.9675,1,24,0.041666666666666664,2142.133333333333,218.721222183248,1884.58,432.20375926176297,1787.1999999999998,490.0423545331195,-8.11508695652183,0.0,0.0,0.0,0.0,165.65101851851853,1088.22,648.0,0.5061728395061729,0.10648148148148148,0.05555555555555555,9.0,0.20597556315150037,4.854944852193335,28243.14,610,46,69808.76,19.2,2,0,0.0236,0.3562,medium
CUST_00088,0.2891708333333333,0.4089,0.1759,0.07434590997297799,0.4089,0.010445956521739125,0.0775746756940313,0.026168981761880327,384.92530731106064,737.4254166666666,2,22,0.09090909090909091,920.6599999999999,191.8017228806873,1032.7916666666667,312.3689548221252,1154.4625,327.87587086149193,4.830860869565208,1.0,3079.65,1.0,2.0,164.15001893939396,986.39,528.0,0.5170454545454546,0.09848484848484848,0.05113636363636364,9.0,0.29604430145572985,3.3778728220159273,14639.85,704,34,52008.53,5.8,4,0,0.0226,0.3222,medium
CUST_00089,0.19480416666666667,0.2787,0.1185,0.047107697877049375,0.2787,0.006609782608695651,0.07615863572404473,0.03357314640142064,191.6054276692569,506.65916666666664,0,21,0.0,904.3066666666667,223.5395182810712,799.1116666666666,209.85578709358163,768.0733333333334,194.74371182908502,3.024326086956512,0.0,0.0,0.0,0.0,174.77564814814815,1516.48,648.0,0.5,0.08950617283950617,0.05401234567901234,9.0,0.24710810710229553,4.046811785037993,10031.78,842,49,29747.21,22.1,2,0,0.0008,0.2248,medium
CUST_00090,0.5337041666666666,0.5985,0.4483,0.045018860580550185,0.5985,0.006280478260869549,0.02195111754572889,0.008515787488817402,156.0694025639448,312.97083333333336,0,23,0.0,692.5233333333332,203.8334470427593,549.66,218.36921468009177,514.1641666666667,157.76347655780805,4.413513043478249,0.0,0.0,0.0,0.0,144.82602272727271,950.2,264.0,0.5265151515151515,0.10606060606060606,0.04924242424242424,9.0,0.07851684814527501,12.73612,15920.15,743,43,15000.0,6.2,1,0,0.0086,0.3196,medium
CUST_00091,0.5955708333333333,0.7514,0.4545,0.0879630875111415,0.7514,0.01232282608695651,0.05181864117091287,0.019544965411222137,374.42307437334625,812.4866666666667,0,19,0.0,1327.22,226.73488417091906,1277.3983333333333,194.70007913883012,1194.0,330.2988511801232,16.0982304347826,0.0,0.0,0.0,0.0,156.89410714285714,1158.32,336.0,0.5119047619047619,0.10119047619047619,0.07738095238095238,9.0,0.12516877312940952,7.989213084050282,19913.32,650,55,29910.31,12.1,0,0,0.035,0.3295,medium
CUST_00092,0.5713791666666667,0.6588,0.4357,0.06845503112432189,0.6548,0.009472826086956522,0.04001307057887964,0.02133395487043592,167.36226355736073,414.1525,1,24,0.041666666666666664,633.8466666666667,188.5465816007634,592.0916666666666,169.61390879484702,620.2183333333334,150.98787481921937,4.82305217391303,0.0,0.0,0.0,0.0,161.8984166666667,816.33,120.0,0.48333333333333334,0.06666666666666667,0.058333333333333334,9.0,0.13229128592159897,7.559076873684933,11654.78,544,32,18501.91,2.9,0,0,0.359,0.3335,medium
CUST_00093,0.41975,0.555,0.242,0.09463114663282636,0.5446,0.013035304347826085,0.13271999087864692,0.06001718281914942,1242.775054260277,3364.163008951528,3,22,0.13636363636363635,4319.599999999999,1370.7576587055785,3976.021666666667,1386.3751033456529,4392.54897043721,1207.6578171270949,-1.745065988594552,1.0,1217.77,1.0,3.0,163.8555128205128,917.64,312.0,0.5064102564102564,0.10897435897435898,0.05128205128205128,9.0,0.39756931169476195,2.5152846826561923,33872.23,574,37,161598.71,10.2,1,0,0.0218,0.3571,medium
CUST_00094,0.6564166666666666,0.8023,0.4915,0.09085541149046346,0.7943,0.012741826086956511,0.0588480360643955,0.012692368432420794,584.9481726478491,1317.0683333333334,1,22,0.045454545454545456,1452.3766666666668,422.36794863404697,1526.62,305.7466052796023,1658.0691666666664,306.68082230874734,-39.416521739130495,0.0,0.0,0.0,0.0,154.44988636363635,1003.14,264.0,0.5606060606060606,0.10984848484848485,0.05303030303030303,9.0,0.13480331140750912,7.418215395147152,27957.9,732,36,45225.81,7.1,2,0,0.0144,0.3587,medium
CUST_00095,0.2402,0.3259,0.1396,0.05383659657180031,0.3259,0.007435217391304346,0.15610775963490242,0.038054325722468196,687.0909447298154,1149.6908333333333,1,19,0.05263157894736842,1210.8300000000002,297.29897426664604,1169.01,533.5140491495986,1598.0208333333333,761.1952461330837,12.2494304347826,0.0,0.0,0.0,0.0,169.42069444444445,1155.19,360.0,0.4888888888888889,0.08333333333333333,0.03333333333333333,9.0,0.3133051543557886,3.1917764074331263,10234.58,697,21,38478.56,1.6,1,0,0.0351,0.2365,medium
CUST_00096,0.30020833333333335,0.4707,0.1206,0.10780201222880631,0.4707,0.015189913043478264,0.16394119442968397,0.04273584091626499,1151.3314686370752,2359.988086317176,0,21,0.0,4859.313333333333,2365.940663802314,3659.9516666666664,2003.9037438601347,3393.3958333333335,1496.981679261539,39.456095652173865,0.0,0.0,0.0,0.0,169.35757246376812,1272.19,552.0,0.5054347826086957,0.10507246376811594,0.04528985507246377,9.0,0.3017295528304951,3.314226235445282,25228.39,823,46,91345.81,17.7,0,0,0.0002,0.2384,medium
CUST_00097,0.5278833333333334,0.6387,0.4263,0.06474151726651924,0.6387,0.009095999999999986,0.038327913322322577,0.007313231323132313,304.7068300839659,511.4270833333333,0,20,0.0,793.21,84.03633559359925,762.5216666666666,212.51411128832527,728.8866666666667,196.0627290311739,-0.7536173913043605,0.0,0.0,0.0,0.0,147.53690476190476,759.95,168.0,0.5416666666666666,0.10714285714285714,0.03571428571428571,9.0,0.11218056032293743,8.91420043830474,16605.9,685,45,22354.31,13.0,0,0,0.0219,0.3168,medium
CUST_00098,0.35882083333333337,0.5423,0.2212,0.09802699264096539,0.5423,0.013702739130434781,0.10511175037058106,0.02732753098233987,316.08636362024015,729.8833333333333,2,22,0.09090909090909091,1201.7866666666669,174.85558736664177,986.3566666666667,260.9758597009821,1008.3358333333334,214.75642259242667,-0.8915130434782749,1.0,474.2,1.0,2.0,161.05892045454544,1075.49,528.0,0.5037878787878788,0.11174242424242424,0.043560606060606064,9.0,0.20388862517836032,4.904638496263375,11713.18,561,42,28658.21,12.9,1,0,0.6132,0.3344,medium
CUST_00099,0.20075416666666668,0.2946,0.131,0.04625010438687789,0.2836,0.006312565217391301,0.21663182324685784,0.07052615684887571,559.0984275113392,1430.8575,2,23,0.08695652173913043,2202.3366666666666,394.7883818368177,2033.783333333333,357.21800842996015,1824.6066666666666,429.271935095466,32.887760869565184,1.0,1261.33,1.0,2.0,165.89606884057972,931.51,552.0,0.572463768115942,0.1358695652173913,0.04891304347826087,9.0,0.45098698649386904,2.217358881626165,9500.13,661,38,51413.22,15.1,0,1,0.0537,0.2824,medium
